CLT_ID,NAME,Group ID,STATUS,SALES,COLL,LIST_AMT,PAID_AMT,AMOUNT,AGE,SM ,MED,LG,CC,FEE_AMT,AMOUNT_EARNED_US,AMOUNT_EARNED_CLT,TOTAL_AMOUNT_EARNED,ATTORNEY_FEES,COURT_COSTS,ES1,ES2,ES3,ESF
100,New Albany Radiology,,C,1,K30,0,2.12,0.64,0,0,0,0,,0,0.64,1.48,2.12,,,,,,
113,Dr. Thurmond Beasley,,I,1,K33,0,7.02,2.32,0,0,0,0,,0,2.32,4.7,7.02,,,,,,
118,Dr Woodrow Brand,"118, 464",A,500,K35,109045.26,9560.24,3463.05,298.75,30,38,116,,0,2.87,5.34,8.21,,,,,,
129,New Albany Surgical Group,,C,5,K30,0,2545.64,1336.47,0,0,0,0,,575.29,1262.01,1054.1,2316.11,212.22,164,,,,
135,Delta Neurology Clinic,,C,5,K31,0,48.71,14.13,0,0,0,0,,0,14.13,34.58,48.71,,,,,,
140,Womens Clinic of New Albany,,C,1,K33,0,120,71.76,0,0,0,0,,39.6,71.76,48.24,120,3.3,,,,,
147,Sheehan Counseling Center,,C,1,K30,0,538.16,171.72,0,0,0,0,,0,113.01,229.46,342.47,,,,,,
157,Internal Medicine RHC /New Albany Med Gp,,C,1,K33,0,0.6,0.2,0,0,0,0,,,,,,,,,,,
159,Radiology of North Mississippi,,C,1,K28,0,1642.51,459.9,0,0,0,0,,0,459.9,1182.61,,,,,,,
176,"Tupelo Anesthesia Group, P.A.",,A,5,TAG,1808102.32,242932.69,97164.66,196,832,1000,2202,,19981.21,44296.39,38366.17,,,,,,,
184,"Surgery Associates, P.A.",,A,500,S27,325313.29,18986.86,6235.82,249.5,38,60,379,,0,149.76,332.54,482.3,,,,,,
193,Aurora Spine Center,,A,1,K35,71002.29,7046.91,2959.84,380.5,5,20,45,,542.74,873.73,435.72,1309.45,253.67,289.07,,,,
209,Dr. Thomas McDonald,,C,1,K33,0,36.23,11.96,0,0,,0,,0,11.96,24.27,36.23,,,,,,
242,"Endocrinology Consultants, PLLC",,A,5,K30,58273.54,20205.42,8076.24,327.5,89,0,161,,1903.75,4233.82,3704.81,7938.63,1151.18,554.57,,,,
248,NMMC Credit Union,,A,1,K33,10547.03,6208.9,2065.02,293,0,0,3,10,0,1650,3350,5000,,,,,,
254,"Mid Range Systems,  L.L.C.",,A,,K00,2014.88,343.98,0,76,0,,1,,,,,,,,,,,
263,Anesthesia Consultants of Oxford,,I,5,P01,0,3945.48,1232.49,0,0,0,0,,33.7,240.24,459.99,700.23,,,,,,
297,Heritage OB-GYN Clinic,,I,5,K35,0,1219.24,404.04,0,0,0,0,,0,227.28,422.1,649.38,,,,,,
301,,,,,,,,,,,,,,0,266.3,399.46,665.76,,,,,,
358,Dr. John Gassaway,,C,5,K30,0,39.21,11.76,0,0,0,0,,0,3.93,9.18,13.11,,,,,,
374,PBCS Inc. / Dr Kevin G Johnson,,C,5,K28,13687.25,6761.82,2316.21,98,9,24,32,,408.71,802.67,728.39,1531.06,255.83,152.88,,,,
388,Nephrology & Hypertension Associates,,A,5,K33,138901.02,9300.92,4047.64,245.5,167,0,125,231,1068.83,2002.72,1475.02,3477.74,683.83,377,,,,
391,"New Albany Light, Gas, and Water",,A,5,K00,95324.56,14744.73,3697.56,93.5,5,0,99,168,972.5,972.5,883.24,1855.74,506.45,408,,,,
402,"Rossetti Dental Association, P.H.",,A,5,K33,23489.23,1470.8,490.73,658,0,0,11,40,0,60.06,121.94,182,,,,,,
409,Cooper Realty Inc.,,A,5,K33,82972,9948.58,3852.83,191.5,0,0,53,,771.85,2254.48,2915.6,5170.08,,,,,,
439,Corinth Surgery Center,,C,5,K27,0,106.9,28.86,0,0,0,0,,,,,,,,,,,
440,Magnolia Anesthesiology Associates P A,,A,5,K27,373918.31,48327.52,17236.38,205,363,232,555,,2589.98,7829.09,7505.17,15334.26,,,,,,
466,"Tupelo Eye Center, Optical","466, 1006",A,5,,50667.9,6720.29,2344.48,355,69,152,159,,45.18,164.7,242.66,407.36,,45.18,,,,
510,Family Clinic of New Albany,"510, 732, 953, 1014",A,5,K33,54749.8,14255.54,5631.28,238.5,44,1,140,173,728.02,1582.6,1159.13,2741.73,272.42,447.6,,,,
531,"Magnolia Gastroenterology, PA",,C,5,K29,0,8531.93,4830.49,0,0,0,0,,2286.48,4401.83,2759.7,7161.53,1519.76,330,,,,
532,Sophian Capital Corporation,,C,1,K50,0,7.44,3.72,0,0,0,0,,0,3.72,3.72,7.44,,,,,,
540,Birmingham Hematology & Oncology Assoc.,,A,5,P25,380216.07,42621.36,11668.81,160,215,0,266,455,0,3105.85,4662.66,7768.51,,,,,,
547,Siloam Springs Memorial Hospital,,C,5,K25,0,120,30,0,0,0,0,,,,,,,,,,,
549,Plantersville Family Clinic,,I,5,K33,4989.78,2208.62,765.75,109,14,0,0,57,0,115.79,228.85,344.64,,,,,,
551,Brookwood OBGYN,,I,5,K30,0,35.62,10.69,0,0,0,0,,,,,,,,,,,
558,Eze Family Medical Clinic,,A,5,S32,14111.72,9523.22,3151.68,372.5,28,0,11,68,261.63,512.52,476.61,989.13,197.63,64,,,,
563,"Austin Dental Clinic, P.A.",,C,5,K33,0,50,16.5,0,0,0,0,,,,,,,,,,,
564,"James L. White, M.D.","564, 565",A,5,K30,55679.27,10929.05,3656.37,253.5,29,35,111,0,335.93,897.19,1188.24,2085.43,293.7,212.47,,,,
567,"Jackson Ear, Nose & Throat Clinic",,C,5,K33,0,501.38,176.18,0,0,0,0,,0,12.8,25.98,38.78,,,,,,
568,"Stacy Haynes, M.D.",,C,5,K29,0,54,18.5,0,0,0,0,,,,,,,,,,,
576,Medical Center East Physicans,,C,5,K35,0,310.58,92.61,0,0,0,0,,0,92.61,217.97,310.58,,,,,,
593,Dr. Matthew B. Wesson,"593, 594",A,5,K33,15190.46,2985.1,1063.63,240.5,14,14,57,,0,24.73,39.57,64.3,,,,,,
600,Tishomingo Health Services Inc.,"600, 800",A,5,K35,3781710.29,99544.81,46288.93,461.75,238,0,1666,2224,14401.82,25775.63,17291.96,43067.59,9114.02,3910,,,,
601,Imaging Associates of N MS Magnolia LLC,"601, 752",A,500,K33,419407.09,196724.67,80034.46,,268,105,480,1129,15041.25,33752.32,29752.99,63505.31,8307.1,5162.52,,,,
604,Madison E. Internal Medicine Associates,,C,5,15E,0,139.6,48.86,0,0,0,0,,,,,,,,,,,
622,"Tupelo Ear, Nose & Throat-26",,C,1,K30,0,349.27,235.52,0,0,0,0,,175.38,235.52,113.75,349.27,61.38,114,,,,
627,Certified Medical Specialists,,A,5,K29,23383.46,4774.66,1509.62,262.5,0,0,0,41,104,238.32,328.83,567.15,,,,,,
630,,,,,,,,,,,,,,633.86,944.76,466.34,1411.1,468.86,165,,,,
635,"Michael Gerhardt & Brice Brackin, MD",,C,5,K30,0,253.82,81.09,0,0,0,0,,0,5.93,16.01,21.94,,,,,,
655,Chilton Medical Center -2,,C,5,K40,0,651.61,413.3,0,0,0,0,,218.32,413.3,238.31,651.61,148.02,70.3,,,,
661,Marion Regional Medical Center,"661, 689",A,500,K33,2770830.21,59883.05,22539.1,494.75,481,0,1425,1916,5574.3,12657.11,11065.59,23722.7,3165.07,1572.1,,,,
668,"Mason Surgical Clinic, PLLC",,C,5,K35,0,6708.19,3641.56,0,0,0,0,,1416.44,3139.4,2178.62,5318.02,1694.21,475.57,,,,
676,Radiology of North Mississippi,,C,1,K28,0,60.69,16.99,0,0,0,0,,0,16.99,43.7,60.69,,,,,,
683,Newton Regional Clinics,,C,5,K30,0,130,58.5,0,0,,0,,0,58.5,71.5,130,,,,,,
684,Corinth Surgery CRNA Billing,,I,5,K27,0,32,8.64,0,0,0,0,,,,,,,,,,,
693,New Albany OBGYN,,A,5,K34,133210.96,2658.82,1025.15,340.5,11,0,186,,22.13,263.56,295.07,558.63,8.13,14,,,,
694,Gastroenterology for Children,,A,5,K00,9254.53,2603.45,797.38,160,28,19,44,,,,,,,,,,,
696,Plastic and Hand Surgery Associates,,C,5,K29,0,128.78,38.33,0,0,0,0,,1.38,38.33,90.45,128.78,,1.38,,,,
700,Magnolia Regional Health Center,"700, 775",I,5,K25,0,176771.07,85687.42,0,0,0,0,,41597.64,79343.21,72471,151814.21,24310.74,6660.2,,,,
705,Tri Lakes Medical Center,"705, 768",C,5,D28,0,3283.09,1093.33,0,0,0,0,,0,461.48,915.18,1376.66,,,,,,
706,"The Meridian Anesthesiology Group, PA","706, 803",A,5,K32,572819.77,64420.86,23617.56,227.25,467,481,1041,,2191.27,4312.11,3391.81,7703.92,1295.68,688.34,,,,
707,Internal Medicine & Pediatric Clinic,,A,1,K35,6359.57,2392.22,958.96,241,2,0,19,,146.56,253.73,130.99,384.72,113.41,,,,,
733,Dr. Hadidi,,C,5,K31,0,11.2,3.25,0,0,,0,,,,,,,,,,,
745,Family Medicine Clinic - Dr. James Ervin,,I,5,K33,0,230,75.9,0,0,0,0,,,,,,,,,,,
746,Magnolia Endoscopy Center,,C,5,K29,0,3971.23,1944.95,0,0,0,0,,1010.28,1506.49,994.74,2501.23,527.33,528,,,,
747,"Magnolia Regional Medical, CRNA",,A,5,K27,253750.45,21046.98,8277.95,258,414,0,202,511,1372.81,4321.9,3868.47,8190.37,696.43,670.57,,,,
753,"S. R. Alapati, M.D.",,C,1,K27,0,10.69,2.89,0,0,,0,,0,2.89,7.8,10.69,,,,,,
754,"Waters Family Healthcare, Inc.",,C,5,K35,0,392.27,284.92,0,0,,0,,284.92,284.92,107.35,392.27,72.61,164,,,,
755,Premier Radiology,,C,1,K28,0,861.02,241.1,0,0,0,0,,0,119.07,306.16,425.23,,,,,,
756,Primary Care Group,,I,5,K00,0,58.05,15.05,0,0,,0,,15.05,15.05,43,58.05,,,,,,
758,J P B Pathology,"758, 1066, 108",A,5,K30,635072.59,102035.12,38403.27,223.83,1103,484,1508,898,5482.82,10668.96,7477.09,18146.05,3083.53,2435.65,,,,
778,"Arkansas Cardiology, I","778, 779",C,5,D22,828.77,11020.19,3510.92,431,0,2,3,,324.19,1018.85,1180.03,2198.88,205.44,50,,,,
780,Tennessee Valley Pediatric Sedation,,C,5,K15,0,1784.2,376.55,0,0,0,0,,,,,,,,,,,
791,Pain Management Center of N MS PLLC,,A,5,K35,193596.63,41707.1,16665.19,208.5,2242,492,472,,1925.39,3725.71,2430.03,6155.74,1424.52,414.38,,,,
793,Premier Medical / St. Vincent's East ER,"793, 794",I,5,K45,0,80933.47,42729.19,0,0,0,0,0,4847.19,11894.67,7069.35,18964.02,2228.99,2268.96,,,,
795,Dr. James W. Major,,C,5,K31,0,139.7,89.74,0,0,0,0,,48.82,89.74,49.96,139.7,8.13,,,,,
805,Sutherland Cardiology,,I,11,K00,0,5913.32,3297.46,0,0,0,0,,1876.12,3155.05,1952.13,5107.18,1137.58,884.67,,,,
807,Metabolic Disorders,,A,5,K30,86698.74,43975.83,15217.59,286,48,129,293,,1378.8,3648.92,3575.32,7224.24,814.3,532.5,,,,
808,Jackson Ear Clinic,,I,5,K33,10707.14,2156.92,927.43,389,5,16,32,,208.64,412.38,305.61,717.99,208.64,,,,,
810,Creekmore Clinic,,I,5,K30,0,197.04,119.64,0,0,0,0,,0,84.71,-4.11,80.6,,,,,,
814,Denis A. Yalkut M.D.,,C,5,K31,0,456,291.42,0,0,0,0,,156.78,291.42,164.58,456,121.78,35,,,,
816,North East Orthopaedics,,C,5,K33,0,1808.32,1149.81,0,0,0,0,,784.61,1050.81,457.51,1508.32,522.16,262.45,,,,
818,"Anesthesia Consultants, P.A.",,C,5,S28,2129.5,2565.29,762,89,0,3,5,,,,,,,,,,,
819,"Anesthesia Consultants, P.A.",,C,5,S28,3045.85,633.95,195.92,85,1,6,12,,,,,,,,,,,
821,"Anesthesia Consultants, P.A.",,C,5,S28,1825.93,2493.08,694.18,170,0,7,9,,,,,,,,,,,
822,"Anesthesia Consultants, P.A.",,C,5,S28,4017,143.51,29.44,103,0,5,8,,,,,,,,,,,
823,"Anesthesia Consultants, P.A.",,C,5,S28,1748.55,1462.1,500.39,98.5,0,3,7,,,,,,,,,,,
824,"Anesthesia Consultants, P.A.",,C,5,S28,3904.3,892.7,270.03,103,0,2,10,,0,7.92,28.08,36,,,,,,
826,"Anesthesia Consultants, P.A.",,C,5,S28,2114.76,-420.48,-88.66,102.5,0,3,8,,,,,,,,,,,
828,"Anesthesia Consultants, P.A.",,C,5,S28,2544.47,1478.27,364.45,101,0,2,11,,0,45.04,159.71,204.75,,,,,,
831,"Anesthesia Consultants, P.A.",,C,5,S28,0,-1205.92,-342.08,0,0,0,0,,,,,,,,,,,
832,"Crossroads Rehabilitation Services, Inc.","832, 854",A,5,K33,45502.04,13488.65,4973.19,370.75,3,0,144,0,351.41,830.99,771.49,1602.48,103.31,178,,,,
836,"Anesthesia Consultants, P.A.",,C,5,S28,1108.54,-225.06,-63.32,194,0,4,6,,0,3.27,11.6,14.87,,,,,,
837,"Anesthesia Consultants, P.A.",,C,5,S28,931.39,140.85,58.15,196,0,3,5,,,,,,,,,,,
838,"Anesthesia Consultants, P.A.",,C,5,S28,12657.34,13736.11,4103.85,97.5,11,20,38,,,,,,,,,,,
839,"Anesthesia Consultants, P.A.",,C,5,S28,2800.98,7717.24,2136.16,111,5,13,9,,,,,,,,,,,
842,"Oxford Endocrinology Consultants, P.C.",,A,500,K35,3514.05,957.25,374.03,217.5,5,13,16,,,,,,,,,,,
845,"Advanced Surgeons, P.C.",,C,5,K33,0,8.72,2.88,0,0,0,0,,0,2.88,5.84,8.72,,,,,,
847,The Bone and Joint Clinic,,I,11,K25,0,4199.41,1104.31,0,0,0,0,,0,180.39,443.36,623.75,,,,,,
850,Oxford Orthopaedics,,C,5,K33,0,77.5,25.58,0,0,0,0,,,,,,,,,,,
853,Data Facts,,A,11,K30,0,887.86,204.89,0,0,0,0,,,,,,,,,,,
858,Rehab at Work,,C,5,K30,0,4277.43,2194.29,0,0,0,0,,920.75,1935.74,1573.31,3509.05,685.57,235.18,,,,
859,Hickory Hollow Foot and Ankle Center,,A,500,K00,5040.33,345.03,91.61,243,8,0,4,16,8.97,8.97,27.23,36.2,,,,,,
860,Surgery Clinic of Tupelo - 4,,C,5,K25,0,235.4,58.85,0,0,0,0,,,,,,,,,,,
863,Surgery Clinic of Tupelo - 12,,C,5,K25,0,510,127.5,0,0,0,0,,,,,,,,,,,
864,Surgery Clinic of Tupelo - 13,,C,5,K25,0,600,150,0,0,0,0,,0,150,450,600,,,,,,
870,Surgery Clinic of Tupelo - 4/Hamilton,"870-873, 875-876, 1121",A,5,K30,419843.83,106692.86,42056.6,205,57,168,657,,7434.92,20231.86,16829.27,37061.13,4700.08,2319.92,,,,
874,Accent Plastic Surgery -13,,C,5,K30,0,1140.49,646.32,0,0,0,0,,348.28,552.1,274.32,826.42,198.28,150,,,,
878,Tupelo Plastic Surgery Clinic,,A,5,K30,91624.22,19891.07,7692.84,316.5,9,14,98,,1590.58,3191.59,2068.6,5260.19,1382.58,164,,,,
879,Angela Campbell Orsborn,,I,5,K33,0,244.51,86.05,0,0,0,0,,0,5.45,11.06,16.51,,,,,,
881,Tupelo Ear Nose & Throat,,A,1,K30,492327.39,221892.81,83969.12,217.5,726,382,1105,,15517.44,33347.14,28049.31,61396.45,9806.48,4417.7,,,,
882,"David J. Halvorson, M.D.",,A,5,K35,28182.69,16215.24,5923.27,309,24,24,85,,59.33,360.1,413.52,773.62,,59.33,,,,
883,Friendship Family Medical,,I,5,K35,0,33.5,16.93,0,0,0,0,,0,1.23,2.27,3.5,,,,,,
884,Jackson Sports Medicine and Rehab,,I,5,K33,0,12,3.96,0,0,,0,,,,,,,,,,,
885,Greenville Sports Medicine,,I,5,K33,0,1228.55,597.73,0,0,0,0,,221.31,366.33,177.24,543.57,107.31,114,,,,
886,Ridgeland Sports Medicine,,C,5,K33,0,114,51.3,0,0,0,0,,0,51.3,62.7,114,,,,,,
890,North Mississippi Pain Management,,A,5,TAG,109031.53,42490.73,16635.51,213.5,68,99,237,,3466.23,6143.99,4259.17,10403.16,1666.21,1353.51,,,,
893,"Gastroenterology Associates, N.A.",,A,5,K29,425143.01,76492.67,23255.06,237.5,806,356,1093,,287.04,1876.39,3342.64,5219.03,224.59,62.45,,,,
894,Helton Family Dental,,A,5,K33,2565.7,2170.03,813.46,327.5,0,0,0,9,105.31,105.31,0,105.31,,105.31,,,,
895,Tennessee Valley Pain Consultants,"895, 896, 901-903",A,5,K29,1846965.78,346379.24,119966.71,175,3446,2240,4071,,11572.17,27658.67,25869,53527.67,6044.15,4373.48,,,,
897,The Bone and Joint Surgery Center,,C,11,K33,0,1175.93,443.19,0,0,0,0,,79.5,173.91,186.02,359.93,,79.5,,,,
899,"Nephrology Associates, P.C.",,A,5,S38,905645.88,19232.54,6531.94,361,289,0,617,724,0,54.26,110.16,164.42,,,,,,
904,University Anesthesia Associates,,I,11,K20,0,3367.56,711.93,0,0,0,0,,0,136.25,544.91,681.16,,,,,,
906,Monroe County Mississippi Justice Court,,A,5,K00,201.5,11009.68,2347.9,96.5,0,0,1,,308.25,308.25,631.45,939.7,,50,,,,
913,"MS Ear, Nose, Throat Surgical Asso.",,A,5,K30,75675.01,25530.37,9424.2,235.5,2,29,183,,1397.26,3159.59,2670.57,5830.16,525.7,1081.74,,,,
914,Women's Medical Assoc. of Nashville,,A,11,S01,76870.26,26514.17,9758.95,372,7,37,137,,676.1,4171.72,4272.43,8444.15,190.1,344.25,,,,
915,Tupelo Orthopedic Clinic,,A,5,K25,151127.07,22473.14,7281.25,361,16,32,177,,1362.82,3530.83,4492.49,8023.32,955.32,391.5,,,,
917,"The Surgical Clinic, PLLC",,A,500,S01,383065.25,27048.52,10065.66,246.5,21,0,348,,1767.47,3850.35,3358.58,7208.93,972.14,815.25,,,,
919,Mid-Tennessee Bone & Joint Clinic,,A,11,D29,512428.02,122915.53,39475.03,388,576,125,1011,,1552.53,3209.55,3081.15,6290.7,35.3,1146.23,,,,
920,Tennessee Sports Medicine & Orthopedics,,A,11,R29,0,903.19,294.45,0,0,0,0,,0,51.6,109.69,161.29,,,,,,
921,Arkansas Specialty Orthopaedics,"921, 922",I,5,D22,0,51110.32,22442.2,0,0,0,0,,7622.99,17841.65,17366.3,35207.95,4644.69,1446.38,,,,
923,Olive Branch Family Medical Center,,A,5,K30,39888.52,23936.77,7808.55,200,33,1,206,,479.97,874.84,630.88,1505.72,334.89,192,,,,
924,The Tennessee Credit Union,,C,11,K30,0,5877.16,2470.96,0,0,0,0,,200.17,2470.96,3406.2,5877.16,1065.33,28,,,,
929,Hamilton Specialty Clinic - Dr. Seay,,I,5,K25,0,763.22,208.79,0,0,0,0,,0,21.93,65.83,87.76,,,,,,
932,Surgical Alliance of Middle TN,,I,11,K33,0,434.41,159.43,0,0,0,0,,0,4.75,9.65,14.4,,,,,,
934,"Norwood Clinic, Inc.",,A,5,K32,620532.33,61571.87,20599.42,374,2699,2930,1435,,0,104.3,232.22,336.52,,,,,,
935,Gallatin Women's Center,,I,11,K33,0,283.19,98.81,0,0,0,0,,0,29.29,59.47,88.76,,,,,,
936,"Baxter Clinic of Hernando, PLLC",,I,5,K33,0,78,31.1,0,0,,0,,,,,,,,,,,
939,Arkansas Specialty Orthopaedic Center II,,I,5,D22,43540.4,20296.02,7704.56,96,0,18,69,,1928.27,3849.76,3018.61,6868.37,1523.21,313.56,,,,
941,Dr. Chad Price Orthopedic Surgery/PPMG,,C,11,K33,0,108,41,0,0,0,0,,,,,,,,,,,
942,OBGYN Associates of Cookeville,"942, 943, 945, 954, 1009, 1040",A,5,K33,50249.23,18823.97,4857.73,338.75,35,40,138,,,,,,,,,,,
944,Dr. Bert Geer,,I,11,K33,0,36.28,11.97,0,0,,0,,0,11.97,24.31,36.28,,,,,,
947,Anesthesia Solutions of Mobile,,A,5,D20,260386.44,53170.63,16219.55,325,17,0,38,610,900.56,3253.47,2977.4,6230.87,170.58,641.49,,,,
948,"Silver Dollar Sales, Inc.",,I,5,K33,0,-650.57,-241.49,,0,0,0,,,,,,,,,,,
949,Dr. James Edmonson,,A,5,K32,74727.19,10766.74,5016.03,207.5,18,17,108,,1851.16,3537.86,2686.09,6223.95,1337.45,407.71,,,,
950,"Delta Capital Resources, LLC",,I,5,K40,0,15.29,6.12,0,0,0,0,,0,6.12,9.17,15.29,,,,,,
951,"Lionheart Funding, LLC",,I,5,K40,0,1971.53,867.15,0,0,0,0,,,,,,,,,,,
956,OCH - Parsons' Family Medical Clinic,"956-959, 967",A,5,K31,249898.08,22044.8,7761.76,296,255,95,631,,714.87,1441.77,1239.91,2681.68,325.46,524,,,,
960,U. S. Community Credit Union,,A,11,K30,75055.91,22639.9,8337.24,85.5,13,29,195,,791.48,4072.54,5051.73,9124.27,,456.23,,,,
962,"Partridge Propane, Inc.",,I,5,K33,0,60,24,0,0,0,0,,0,24,36,60,,,,,,
964,Comprehensive Pain Management,,A,5,K35,297402.74,32875.51,12491.8,218,491,477,589,,868.86,1329.62,745.78,2075.4,281.36,587.5,,,,
965,The Jackson Clinic,"965, 1015",I,11,K25,0,92035.47,25203.4,0,0,0,0,0,4793.54,10630.28,12793.81,23424.09,2705.49,335.79,,,,
966,OCH Center for Pain Management 2,,C,5,K31,0,3.09,0.96,0,0,0,0,,0,0.96,2.13,3.09,,,,,,
971,Anesthesia Group East,,A,5,S02,543105.52,37170.53,13444.32,254.5,522,0,477,772,536.64,2109.16,2194.5,4303.66,,,,,,
973,Comprehensive Pain Center of Jackson,,I,5,C30,7495.74,6041.74,2847.47,233,0,5,12,,931.87,1797.09,1302.95,3100.04,797.87,134,,,,
974,Medical Arts Surgical,,A,5,S04,783892.05,63845.48,25616.03,250,0,1,527,,4411.83,10846.69,9733.73,20580.42,1911.06,1512.08,,,,
977,Starkville Orthopedics,977-979,A,5,S05,264307.81,33390.44,13470.11,335,0,13,460,,3343.52,6132.36,4226.93,10359.29,2279.02,1064.5,,,,
,,,,,,,,,,,,,,,,,,,,,,,
,,,,,,,,,,,,,,,,,,,,,,,
980,Upper Cumberland Urology Associates,,I,11,S06,0,4796.83,1929.62,0,0,0,0,,4,43.91,59.86,103.77,,,,,,
981,Starkville Internal Medicine,,A,500,K33,19641.45,5631.8,2513.89,539.5,0,0,0,56,700.81,1507.46,1220.75,2728.21,650.81,50,,,,
982,Marion Regional Medical Ctr - Physicians,,A,500,K25,1037610.93,74826.46,21618.3,218,666,0,916,2417,1730.52,4456.63,4848.71,9305.34,886.87,678.65,,,,
983,Cardiothoracic Surgery Clinic - 2,,C,5,K15,0,2620,393,0,0,0,0,,,,,,,,,,,
984,Urology Professional Association,"984,989",A,5,D23,949867.37,224291.33,72497.26,163,691,254,964,,9880.51,23169.88,20859.96,44029.84,5915.73,3359.34,,,,
985,Mississippi Premier Plastic Surgery,,A,5,S07,66505.23,7083.98,2979.22,214,16,5,123,,675.29,1630.6,1612.97,3243.57,557.79,,,,,
986,Express Care of New Albany,,I,5,K33,0,121.05,45.31,0,0,0,0,,,,,,,,,,,
987,Diabetes Care Group,,I,500,S08,760.8,589.92,299.32,224,0,0,0,3,111.4,154.84,65.16,220,6.6,25,,,,
991,The Eye Group of Mississippi,"991-994, 1056",A,500,R30,27387.67,7494.46,3349.99,237,20,4,48,50,835.68,1812.04,1464.51,3276.55,342.68,493,,,,
995,Cornerstone Primary Care,,A,11,S08,5017.49,1951.22,714.14,191.5,1,0,0,36,,,,,,,,,,
998,"KNS Medical, Inc.","998, 1001, 1002",A,500,,24581.48,1701.85,601.69,1394.5,0,0,44,,,,,,,,,,,
1003,Cole Chiropractic Clinic - 2,,C,11,K40,0,1800,897.63,0,0,0,0,,296.05,897.63,902.37,1800,146.05,,,,,
1004,Dr. David A. West,,A,11,S10,33240.1,5527.05,1847.25,195,41,41,79,,,,,,,,,,,
1005,Soma Plastic Surgery & Hand Clinic,,I,5,S11,0,198,92.14,0,0,0,0,,,,,,,,,,,
1007,North MS Pediatrics,,A,5,K30,115635.95,47021.9,16228.51,379,91,154,353,,1077.56,2655.47,2632.21,5287.68,744.74,409,,,,
1010,Memphis Judo & Jiu Jitsu,"1074, 1010",A,5,K00,132542.5,16413.77,3476.57,296.75,1,0,165,70,361.25,531.15,254.85,786,33.25,328,,,,
1011,"Kellum Dental Clinic, P.A.",,C,1,K33,0,43.22,10.72,0,0,0,0,,,,,,,,,,,
1017,Accent Plastic & Reconstructive Surgery,,A,500,K30,25535.26,1879.22,835.54,234,2,0,22,28,293.39,506.79,332.6,839.39,179.89,113.5,,,,
1019,Center for Digestive Health - Tupelo,,A,5,S12,348362.94,98546.58,35563.05,264.5,111,217,781,,5045.36,11168.97,10013.02,21181.99,3612.85,1480.67,,,,
1020,Golden Triangle Urology Group,,C,5,S09,0,1286.11,457.8,0,0,0,0,,0,24,36,60,,,,,,
1021,"Pediatric Nephrology of Alabama, P.C.",,A,5,S13,2626.15,1104.09,394.23,313.5,0,0,5,3,,,,,,,,,,
1023,Mid-South Propane,,I,5,S14,0,292.63,116.67,0,0,0,0,,,,,,,,,,,
1025,Cardiology Consultants of Oxford,,I,5,S15,0,267.58,195.77,0,0,0,0,,147.9,195.77,71.81,267.58,17.9,50,,,,
1026,Cotton Plant Clinic,,C,5,S16,0,189.6,64.36,0,0,0,0,,,,,,,,,,,
1028,Oxford Orthopaedics & Sports Medicine,,A,5,S17,114924.4,26008.68,10158.85,155.5,16,34,237,,2887.8,5334.42,3894.14,9228.56,1554.29,896,,,,
1034,"Wilbanks Wee Con-du-it Electric, Inc.",,A,5,K33,19601.31,2238.11,829.69,382,0,5,32,,,,,,,,,,,
1036,Trinity Health Clinic,,A,5,S08,14384.34,1628.23,597.9,679,26,0,49,7,0,70.02,117.71,187.73,,,,,,
1037,"Merit Health Care, P.C.",,C,5,S20,0,123.63,51.07,0,0,0,0,,,,,,,,,,,
1042,Starkville Physical Therapy,,A,5,K30,8295.92,3307.05,1474.46,345.5,0,1,18,,480.85,851.08,555.37,1406.45,352.85,128,,,,
1043,"Benny J. Green, M.D.",,A,500,S22,25152.38,2945.86,944.94,208.5,0,0,30,,,,,,,,,,,
1044,M & R Associates,,I,500,K30,0,656.85,503.4,0,0,,0,,401.1,503.4,153.45,656.85,126.1,275,,,,
1046,Girl Scouts Heart of the South,,A,5,K30,56520.47,11709.3,5208.55,323.5,4,0,63,7,1335.63,4132.48,4195.27,8327.75,566.84,768.79,,,,
1047,Women's Specialty Center,1047 - 1050,A,5,S24,119083.59,40220.51,14745.15,295,9,9,228,,1253.69,3584.6,3541.66,7126.26,514.95,607.5,,,,
1051,Woodstock Family Medicine,,A,5,K35,0,279.33,102.97,0,0,0,0,,,,,,,,,,,
1053,"Decatur Gastroenterology Associates, PC",,A,5,S25,58796.32,4033.96,1404.54,211.5,39,42,110,,,,,,,,,,,
1061,Salient Hospitalists,,I,1,K27,6842.93,121.74,38.7,346,0,0,0,18,,,,,,,,,,
1063,Seale Harris Clinic,,A,5,S29,218406.28,55300.2,17006.17,220.5,52,0,351,466,245.71,743.51,1077.49,1821,66.24,16,,,,
1068,Jackson Oncology Associates,,A,5,S33,25383.62,703.5,261.83,703,9,0,33,,,,,,,,,,,
1069,University Orthopaedic Clinic,,A,5,S34,1087195.81,103548.28,30287.74,220,905,628,1605,,635.46,2217.45,2447.79,4665.24,375.96,178.5,,,,
1070,"Anesthesia Consultants, P.A.",,C,5,S28,2327.6,316.8,135.54,83.5,0,5,8,,50,50,0,50,,50,,,,
1071,Gardendale Surgical Center,"1071-1073, 1112, 1118-1120",A,5,S35,686342.64,39108.58,12082.96,702.5,61,6,736,413,0,200,300,500,,,,,,
1075,The Clinic of Plastic Surgery,,A,5,S36,15333.34,1729.19,729.29,213.5,3,25,35,,75.88,85.53,14.47,100,11.88,64,,,,
1077,Heritage Medical Associates,"1077, 1078",A,5,P26,298606.94,60579.16,16299.48,,36,97,701,,0,104.2,303,407.2,,,,,,
1079,North Atlanta RV Rentals,,C,5,K40,7689.68,0,0,173,0,0,4,,,,,,,,,,,
1080,Madden Medical Clinic,,A,5,S39,182600.58,16209.54,5535.67,239.5,1,142,399,,,,,,,,,,,
1082,Plastic Surgery of Tuscaloosa,,A,5,S41,110677.08,6433.07,2330.88,979.5,2,56,136,,,,,,,,,,,
1084,Tupelo Physical Therapy,,I,5,S03,0,226.05,82.29,0,0,0,0,,0,82.29,143.76,226.05,,,,,,
1085,Comprehensive Pain & Rehab,"1085, 1086",I,5,S42,17860.37,0,0,628.5,0,5,26,,,,,,,,,,,
1087,LifeLinc Anesthesia Springfield,"1087, 1091-1096, 1100 ,1101, 1103, 1104, 1125",A,5,S40,579426.73,59467.45,18493.65,190.5,360,502,1298,,287.25,871.05,1084.2,1955.25,,287.25,,,,
1097,"West Little Rock Kickboxing and BJJ, LLC",,A,1,K00,92410.25,5874.8,1009.1,450,0,1,62,,,,,,,,,,,
1098,LifeLinc Anesthesia RLA,,A,5,S40,18939.37,2227.16,685.14,213.5,29,22,57,,,,,,,,,,,
1099,LifeLinc Anesthesia DHI,,A,5,S40,3439.32,518.4,152.54,167,6,,10,,,,,,,,,,,
1102,Mississippi Methodist Senior Svcs Inc,,A,5,S01,302689.89,100,30,1514,0,0,11,,,,,,,,,,,
1105,HW Neurological Institute,,A,5,S43,85623.66,0,0,482,0,0,9,,,,,,,,,,,
1107,"Tupelo Emergency Care Associates, LLC",,A,5,S44,7753278.76,182144.14,48363.38,112.5,1531,93,15733,,8,991.45,2180.31,3171.76,,,,,,
1109,Jackson Neurosurgery Clinic,,A,5,S45,686158.46,24861.11,8366.28,459,289,219,616,,,,,,,,,,,
1110,New Albany Urology,,A,5,S46,43125.26,9329.81,2557.12,243.5,207,39,93,,0,239.02,717.08,956.1,,,,,,
1111,Pro Impact Physical Therapy,,A,5,S39,60344.85,9159.78,3102.11,326.5,854,0,204,,,,,,,,,,,
1113,Community Urgent Care,,A,5,K27,8354.83,369.75,84.92,143.5,19,1,45,,,,,,,,,,,
1114,Heritage Diagnostic Center,,A,5,K27,36433.26,1202.5,239.79,258,2,0,72,,,,,,,,,,,
1116,The Eye Group of Mississippi,,A,5,R30,262,0,0,277,0,,1,,,,,,,,,,,
1117,Dr. Paula N. Shoemake,,A,5,S47,9186,0,0,187,0,,5,,,,,,,,,,,
1122,"Family Ear, Nose & Throat",,A,5,K30,33801.72,1942.54,619.16,625,2,,108,,,,,,,,,,,
1175,Tippah County Hospital,,C,5,K30,0,1494.15,448.24,0,0,0,0,,0,23.28,54.34,77.62,,,,,,
1203,"Mac's Tire Center, Inc.",,A,500,K33,1915.27,1507.02,766.25,296,0,0,5,,326.68,582.14,383.21,965.35,212.68,114,,,,
1500,"North Mississippi Medical Center, Inc.",,A,500,H24,5240775.37,202956.81,72627.22,452.5,217,251,3531,,19418.37,38238.88,29521.87,67760.75,12634.57,4938.09,,,,
1536,Mayo Eye Center,,A,1,K30,2419.23,1120.32,389.97,157,6,2,10,,,,,,,,,,,
1561,Rainbow Pediatrics,,C,1,K30,0,12.06,3.62,0,0,0,0,,0,3.62,8.44,12.06,,,,,,
1634,"William Everitt,  DDS",,A,5,K35,37660.42,14161.61,5553.99,1059.5,3,26,50,,502.48,1202.09,976.34,2178.43,272.48,230,,,,
1640,Dr. William Barr  Orthopaedic Surgeon,,C,1,K30,0,153.8,46.14,0,0,0,0,,,,,,,,,,,
2004,Midsouth Pathology,,C,5,K29,0,4,1.16,0,0,,0,,,,,,,,,,,
3001,Inergy LP - Addison AL - 0418,3000 - 3089,A,5,,16918.68,39599.17,10598,12,0,0,24,,$366.00 ,"$1,637.74 ","$2,280.15 ","$3,917.89 ",33,300,,,,
3106,"Gas-Tec #102 - Alvin, TX",3100-3131,A,5,ILP,0,4796.25,1099.97,0,0,0,0,,,,,,,,,,,
3204,"Lampton-Love, Inc.",,I,5,LLR,9648.83,1525.27,507.03,380,0,0,12,22,,,,,,,,,,
3300,Blossman Propane Gas & Appliance,,A,5,BPG,2050,0,0,656,0,,3,,,,,,,,,,,
4002,Highlands Medical Center,,C,1,D33,0,3511.03,2454.34,0,0,0,0,,1634.02,2454.34,1056.69,3511.03,1298.83,335.19,,,,
5000,Helen Keller Hospital,,C,5,K26,0,175,43.75,0,0,0,0,,,,,,,,,,,
5002,Jackson County Hospital-2,,C,1,K33,0,634.29,285.41,0,0,0,0,,0,285.41,348.88,634.29,,,,,,
5004,Dr.'s Boger and Solomon,"5004, 5013, 5023, 5028, 5030, 5033, 5045, 5053, 1055, 1035",A,1,K27,162026.09,29742.12,8430.48,246.75,53,0,215,397,381.19,1211,1478.86,2689.86,251.13,100.51,,,,
5031,Cullman Internal Medicine,,C,1,K27,0,646.73,173.55,0,0,0,0,,,,,,,,,,,
5037,Chest Medicine of Cullman,,C,1,K27,0,100.4,27.11,0,0,0,0,,,,,,,,,,,
5055,Cullman Heart and Urgent Care P C,,A,5,K33,22143.15,3545.76,1173.46,798.5,0,0,10,44,0,8.34,20.92,29.26,,,,,,
5056,Tuckier Surgical Clinic,,A,1,K27,15945.45,418.46,111.07,233.5,3,0,15,31,0,2.08,5.64,7.72,,,,,,
5064,Surgical Associates of North Alabama,,A,5,K29,207551.73,5147.99,2422.32,300,0,0,106,66,792.55,1958.9,1757.56,3716.46,304.46,218.06,,,,
5070,Rocky Ridge Fire District,,C,5,K33,0,10,3.3,0,0,0,0,,,,,,,,,,,
5072,Susan Winchester M D,,A,5,K00,15532.22,3889.42,1069.12,300,4,18,32,,69.24,132.36,327.07,459.43,,,,,,
5076,Dr. Darrell Potter,,I,5,K00,0,73.89,4.41,0,0,0,0,,44.23,44.23,160,204.23,,,,,,
6000,Cardiothoracic Surgery Clinic of N MS,,C,5,K30,0,2619.79,1173.14,0,0,0,0,,182.93,1022.63,1095.45,2118.08,79.43,,,,,
6045,Athens Limestone Hospital,,C,5,K30,0,2317.14,897.13,0,0,0,0,,73.84,837.64,1309.2,2146.84,162.86,255.57,,,,
6068,Chilton Medical Center,,C,5,K29,0,104.6,47.07,0,0,0,0,,0,47.07,57.53,104.6,,,,,,
11001,"Orthopaedic Specialists of Alabama, P.C.","11001, 11005, 11008, 11011, 11013, 11015-11019, 11020, 11029-11030, 11035, 11055, 11059",I,5,S19,0,21246.54,7320.74,0,0,0,0,,1428.55,3530.27,3938.02,7468.29,547.19,807.36,,,,
11002,OrthoSports Associates,,A,5,K24,410999.38,67048.72,17246.53,332,358,178,782,,12,476.51,1430.7,1907.21,,,,,,
20003,"M&W Precise Medical Mgmt., Inc.",,A,200,K00,0,-405,0,,0,0,0,,,,,,,,,,,
20006,N MS Periodontal Clinic,,A,200,K00,2925,1143.74,28,212,0,1,4,,,,,,,,1,2,1,1
20015,Tennessee Valley Pediatric Sedation,,C,200,K00,0,76.36,0,0,0,0,0,,,,,,,,,,,
20018,Creative Financial Solutions,,C,200,K00,0,508,8,0,0,0,0,,,,,,,,,,,
20023,Tennessee Valley Sleep Sedation Services,,C,200,K00,0,1582.94,40,0,0,0,0,,,,,,,,,,,
20024,Internal Medicine & Pediatric Clinic,,A,200,K00,2508.23,3208.17,28,380.5,1,1,13,,0,0,708.58,708.58,,,7,4,4,0
20031,S.R.B.C. Child Development Center,,A,200,K00,866,0,0,131,0,0,1,,,,,,,,0,1,0,0
20036,TRI inc Realtors,,A,200,K00,45988.05,1619.96,8,478.5,4,1,29,,154,0,867.3,867.3,,,0,0,14,20
20040,"Mooreville Richmond Water Assn., Inc.",,A,200,K00,8668.91,613.83,8,292,0,0,40,,,,,,,,0,0,40,0
20041,M & W Gas Co.,,C,200,K00,0,130,0,0,0,0,0,,,,,,,,,,,
20045,Great American Publishers,,A,200,K00,0,25.91,0,0,0,,0,,,,,,,,,,,
20046,Great American Cash Advance,,A,200,K00,0,391.5,8,0,0,0,0,,,,,,,,,,,
20048,Family Care Clinic of Ripley,,A,200,K00,32102.14,8446.67,120,434.5,30,30,136,,0,0,369.31,369.31,,,64,0,132,0
20054,Encore Rehab,,A,200,K00,95644.54,5763.49,104,313.5,45,38,233,,,,,,,,100,0,216,0
20057,"Encore Rehabilitation, Inc.",,A,200,K00,81440.62,21212.37,232,250,8,129,269,,,,,,,,139,0,259,8
20063,Senter Medical Clinic,,A,200,K00,2460.82,122,0,420,5,,10,,,,,,,,11,4,0,0
20070,"Nephrology Associates, P.C.",,A,200,K00,0,131,4,0,0,0,0,,,,,,,,,,,
20074,Corinth Laser Center,,A,200,K00,1485.8,0,0,162,0,,1,,,,,,,,0,1,0,0
20077,"West Main Medical Clinic, LLC",,A,200,K00,180,0,0,128,0,1,1,,,,,,,,0,0,2,0
20088,"Pediatric Nephrology of Alabama, PC",,A,200,K00,1652.72,368.1,16,311.5,3,6,9,,,,,,,,11,7,0,0
20096,Eye Care Associates,,A,200,K00,0,148,0,0,0,,0,,,,,,,,,,,
20100,Swoope Insurance Agency,,A,200,K00,2537.96,3460.96,0,370,0,0,2,,,,,,,,0,0,2,0
20103,University Optometric Group,,A,200,K00,920.26,123.1,4,437,3,4,6,,,,,,,,6,4,1,2
20107,"Cheyenne International, Inc.",,A,200,K00,1303,0,0,222,0,0,1,,,,,,,,0,0,0,1
20110,"Jernigan Healthcare, Inc.",,A,200,K00,1155,0,0,163,0,0,1,,,,,,,,0,1,0,0
20116,"Robert D. Newton, D.M.D. & Assoc, LLC",,A,200,K00,524,160.4,0,419,0,1,1,,,,,,,,2,0,0,0
20118,"Developmental Industries, Inc.",,A,200,K00,6037.8,0,0,99,0,,2,,,,,,,,0,0,1,1
20119,North Atlanta RV Rentals,,C,200,K00,2395,0,0,212,0,0,1,,,,,,,,0,0,1,0
20120,The Baxter Company,,A,200,K00,3772.75,0,0,405,0,0,2,,,,,,,,0,0,2,0
20121,Chiropractic Neurology Center of Tupelo,,A,200,K00,14269.22,824,16,316.5,0,0,9,,,,,,,,1,8,0,0
20122,Skinner Construction,,A,200,K00,1350,0,0,318,0,0,1,,,,,,,,1,0,0,0
20123,Foxbridge,,A,200,K00,34139.59,1755.67,0,655,0,0,7,,,,,,,,0,7,0,0
20124,Texstar Bearings,,I,200,K00,4801.43,0,0,144,0,0,2,,,,,,,,0,2,0,0
20125,"Tennessee Family Medicine, PLLC",,A,200,K00,1720.38,382.78,20,280.5,3,4,8,,,,,,,,10,5,0,0
20126,New Albany Vision Clinic,,A,200,K00,371.8,0,0,355,0,6,0,,,,,,,,0,6,0,0
20127,Short Appraisal Service,,A,200,K00,1000,1000,0,82.5,0,0,1,,,,,,,,0,0,0,1
20128,Brainstorm Investments,,A,200,K00,553.84,0,0,110,0,0,1,,,,,,,,0,0,1,0
20129,Tzonko Milev,,A,200,K00,4615,0,0,113,0,0,1,,,,,,,,0,0,1,0
20130,"Jackson Thyroid & Endocrine Clinic, PLLC",,A,200,K00,1726.07,0,0,248,6,,6,,,,,,,,12,0,0,0
20131,Snyder Media,,A,200,K00,1972.44,0,0,601,0,,3,,,,,,,,3,0,0,0
20132,"N. L. Jones Funeral Directors, Inc.",,A,200,K00,3085,0,0,444,0,,3,,,,,,,,0,0,3,0
20133,"Kevin G. Johnson, M.D.",,A,200,K00,58432.92,1822.88,12,889,1,,115,,,,,,,,116,0,0,0
20134,"Wilder Counseling, PLLC",,A,200,K00,3252.69,0,0,579,0,,7,,,,,,,,0,3,4,0
20135,One D'ville Place/ Tupelo Public School,,A,200,K00,9151.5,0,0,272,1,,5,,,,,,,,0,0,6,0
